<?xml version="1.0" encoding="utf-8"?>
<SonarProjectConfig xmlns:xsd="http://www.w3.org/2001/XMLSchema" xmlns:xsi="http://www.w3.org/2001/XMLSchema-instance" xmlns="http://www.sonarsource.com/msbuild/analyzer/2021/1">
  <AnalysisConfigPath>C:\Users\Admin\source\repos\New\Healthhub_Online\.sonarqube\conf\SonarQubeAnalysisConfig.xml</AnalysisConfigPath>
  <ProjectPath>C:\Users\Admin\source\repos\New\Healthhub_Online\Healthhub_Online.csproj</ProjectPath>
  <FilesToAnalyzePath>C:\Users\Admin\source\repos\New\Healthhub_Online\.sonarqube\conf\0\FilesToAnalyze.txt</FilesToAnalyzePath>
  <OutPath>C:\Users\Admin\source\repos\New\Healthhub_Online\.sonarqube\out\0</OutPath>
  <ProjectType>Test</ProjectType>
</SonarProjectConfig>